{
  "gizmos-infos": {
    "is2D": false,
    "is3DIcon": false,
    "iconSize": 2,
    "gridVisible": true,
    "gridColor": [
      150,
      150,
      150,
      255
    ],
    "isIconGizmo3D": false,
    "iconGizmoSize": 2,
    "isGridVisible": true
  },
  "camera": {
    "fov": 45,
    "far": 10000,
    "near": 0.01,
    "color": [
      48,
      48,
      48,
      255
    ],
    "wheelSpeed": 0.01,
    "wanderSpeed": 10,
    "enableAcceleration": true,
    "far2D": 10000,
    "near2D": 1,
    "wheelSpeed2D": 6
  },
  "camera-infos": {
    "f46876e4-e81b-4931-b493-6d367be385e7": {
      "position": {
        "x": 50,
        "y": 50,
        "z": 50
      },
      "rotation": {
        "x": -0.27984814233312133,
        "y": 0.3647051996310009,
        "z": 0.11591689595929514,
        "w": 0.8804762392171493
      },
      "viewCenter": {
        "x": 0,
        "y": 0,
        "z": 0
      }
    },
    "05f953bf-92b1-4173-a5f4-856c9b6142fa": {
      "position": {
        "x": 7.334493550509222,
        "y": 3.3320214505330483,
        "z": 13.462746479994617
      },
      "rotation": {
        "x": -0.14383371405263293,
        "y": -0.08721731302997665,
        "z": -0.012727449162575753,
        "w": 0.9856687695197414
      },
      "viewCenter": {
        "x": 20.16137823590524,
        "y": -18.450812578153407,
        "z": -58.450007766276485
      }
    },
    "ce0cdef9-0155-4399-a84b-b1afe09187d5": {
      "position": {
        "x": 0,
        "y": 0,
        "z": 1845.735636796814
      },
      "rotation": {
        "x": 0,
        "y": 0,
        "z": 0,
        "w": 1
      },
      "viewCenter": {
        "x": 0,
        "y": 0,
        "z": 0
      }
    },
    "9e91cb7a-e873-4609-9f6a-a7beb6e2a9d8": {
      "position": {
        "x": 50,
        "y": 50,
        "z": 50
      },
      "rotation": {
        "x": -0.27984814233312133,
        "y": 0.3647051996310009,
        "z": 0.11591689595929514,
        "w": 0.8804762392171493
      },
      "viewCenter": {
        "x": 0,
        "y": 0,
        "z": 0
      }
    },
    "ace68003-5573-47fd-8154-bc556ff2f155": {
      "position": {
        "x": 50,
        "y": 50,
        "z": 50
      },
      "rotation": {
        "x": -0.27984814233312133,
        "y": 0.3647051996310009,
        "z": 0.11591689595929514,
        "w": 0.8804762392171493
      },
      "viewCenter": {
        "x": 0,
        "y": 0,
        "z": 0
      }
    },
    "54f8f67d-a1d2-46f2-a4e5-2efce0ecccb7": {
      "position": {
        "x": 125.08085511073304,
        "y": 73.33748296608394,
        "z": -28.952863473830693
      },
      "rotation": {
        "x": -0.2574114165015344,
        "y": 0.7149022380089014,
        "z": 0.32776736970172715,
        "w": 0.5614469735454534
      },
      "viewCenter": {
        "x": 38.22331764022938,
        "y": -30.46252619410909,
        "z": -7.760791446120237
      }
    }
  },
  "camera-uuids": [
    "05f953bf-92b1-4173-a5f4-856c9b6142fa"
  ],
  "float-window": {
    "position": {
      "cc": {
        "Camera": {
          "dock": false,
          "top": null,
          "bottom": 10,
          "left": null,
          "right": 10
        },
        "Terrain": {
          "dock": false,
          "top": null,
          "bottom": 5,
          "left": null,
          "right": 10
        }
      }
    }
  },
  "09mFMcvk5H7aXoh5KhUqVs": {
    "layer": 0,
    "sculpt_brush": "",
    "paint_brush": "",
    "sculpt": {
      "radius": 5,
      "strength": 5
    },
    "paint": {
      "radius": 5,
      "strength": 5
    }
  },
  "__version__": "1.0.0",
  "e13yrkmMxMWYdNccxlaH2K": {
    "sculpt_brush": "",
    "paint_brush": "",
    "sculpt": {
      "radius": 5,
      "strength": 5,
      "_setHeight": 0
    },
    "paint": {
      "radius": 1,
      "strength": 5
    },
    "layer": 0
  },
  "05VVYK+P9Cho705r1VQRKF": {
    "layer": 0,
    "sculpt_brush": "",
    "paint_brush": "",
    "sculpt": {
      "radius": 5,
      "strength": 5,
      "_setHeight": 0
    },
    "paint": {
      "radius": 5,
      "strength": 5
    }
  },
  "95shtHsmpDDpvIPrPhf6l/": {
    "sculpt_brush": "",
    "paint_brush": "",
    "sculpt": {
      "radius": 5,
      "strength": 5,
      "_setHeight": 0
    },
    "paint": {
      "radius": 5,
      "strength": 5
    },
    "layer": 0
  },
  "35r+nBklNHt6DbhqT1ZLs4": {
    "sculpt_brush": "",
    "paint_brush": "",
    "sculpt": {
      "radius": 5,
      "strength": 5,
      "_setHeight": 0
    },
    "paint": {
      "radius": 5,
      "strength": 5
    }
  },
  "c3uOHyQIhKYoWNoEqgdbbG": {
    "sculpt": {
      "radius": 5,
      "strength": 5,
      "_setHeight": 0
    },
    "paint": {
      "radius": 5,
      "strength": 5
    },
    "sculpt_brush": "",
    "paint_brush": "",
    "layer": 0
  }
}
